Name,Title
dynoh,Lead
ijyta,Engineer
twbce,Manager
abdrm,Director
tqunh,Manager
deuzz,Director
dzpvb,Consultant
arruw,Engineer
zomdf,Consultant
nzrvh,Coordinator
itzyj,Analyst
zidei,Director
jnsin,Manager
hrung,Director
vwvkn,Consultant
dcygt,Analyst
ucpxp,Lead
myttt,Analyst
vpzva,Engineer
mrmdj,Lead
muolf,Manager
hlibp,Director
zsxym,Associate
qzjng,Manager
gmviq,Consultant
evbmd,Manager
eptjm,Associate
etbwe,Engineer
cirqy,Director
xebgw,Associate
lqmte,Consultant
vqbuo,Manager
xsiht,Coordinator
chdqp,Director
wkdem,Director
irdtc,Engineer
zhaou,Coordinator
acfbm,Coordinator
obams,Specialist
lxkgn,Consultant
unhpe,Manager
ylldz,Director
nxppc,Engineer
hxzus,Analyst
jwjdb,Engineer
lgjtf,Director
frxzd,Analyst
bicfx,Consultant
kbbiz,Director
uanok,Engineer
